<beans xmlns="http://www.springframework.org/schema/beans"
	xmlns:xsi="http://www.w3.org/2001/XMLSchema-instance" xmlns:context="http://www.springframework.org/schema/context"
	xmlns:mvc="http://www.springframework.org/schema/mvc"
	xsi:schemaLocation="http://www.springframework.org/schema/beans
        http://www.springframework.org/schema/beans/spring-beans.xsd
        http://www.springframework.org/schema/context		http://www.springframework.org/schema/context/spring-context.xsd
        http://www.springframework.org/schema/mvc	http://www.springframework.org/schema/mvc/spring-mvc.xsd 
        http://www.springframework.org/schema/aop	http://www.springframework.org/schema/aop/spring-aop-4.0.xsd
 		http://www.springframework.org/schema/tx	http://www.springframework.org/schema/tx/spring-tx-4.0.xsd">

	<mvc:annotation-driven />
	<context:component-scan base-package="com.javainterviewpoint" />


	<bean id="employeeDAOImpl" class="com.javainterviewpoint.EmployeeDAOImpl">
		<property name="jdbcTemplate" ref="jdbcTemplate" />
	</bean>

	<!-- Database Configurations -->
	<bean id="dataSource"
        class="org.springframework.jdbc.datasource.DriverManagerDataSource">
        <property name="driverClassName" value="com.mysql.jdbc.Driver" />
        <property name="url" value="jdbc:mysql://localhost:3306/mydb" />
        <property name="username" value="root" />
        <property name="password" value="root" />
     </bean>

	<bean id="jdbcTemplate" class="org.springframework.jdbc.core.JdbcTemplate">
		<property name="dataSource" ref="dataSource" />
	</bean>

	<bean
		class="org.springframework.web.servlet.view.InternalResourceViewResolver">
		<property name="prefix" value="/WEB-INF/JSP/" />
		<property name="suffix" value=".jsp" />
	</bean>
</beans>